969;1;Torba do laptopa Modecom Aberdeen Blue;Torby do laptopów;99.99 zł;;99.99 zł;0;0;0;;;;;;Modecom;;;;;;;;;;;;;;;;;;99.99 zł;99.99 zł;Jeśli zastanawiasz się jakie cechy powinna mieć dobra, uniwersalna torba do laptopa – to odpowiedź jest prosta – MODECOM ABERDEEN spełnia wszelkie potrzeby wymagającego użytkownika. Ochrona, wygoda, komfort i styl łączą się w jednej torbie zapewniając ponadprzeciętne bezpieczeństwo dla laptopa. W dodatku niewielki ciężar torby ułatwia przenoszenie laptopa i dokumentów.;;;;;;;;1;;;1;https://foxkomputer.pl/environment/cache/images/500_500_productGfx_f3c8ed4b05035760cfe74c18fcc87f88.jpg, https://foxkomputer.pl/environment/cache/images/500_500_productGfx_f3c8ed4b05035760cfe74c18fcc87f88.jpg, https://foxkomputer.pl/environment/cache/images/300_300_productGfx_f3c8ed4b05035760cfe74c18fcc87f88.jpg;;1;"Okres gwarancji: 24 miesiące (gwarancja sprzedawcy),Producent: Modecom,Model: Aberdeen Blue,Kod produktu (producenta): TOR-MC-ABERDEEN-15-BLU,Typ: Torba,Przekątna ekranu: 15.6"",Kolor: Niebieski,Rączka: Tak,Pasek na ramię: Tak,Zewnętrzne kieszenie: Tak,Materiał: Nylon";0;new
1494;1;Zasilacz dedykowany zasilacz do laptopów Toshiba 90W LOGIC LA-1W90TO;Zasilacze do laptopów;40.00 zł;;40.00 zł;0;0;0;;;;;;Logic Concept;;;;;;;;;;;;;;;;;;40.00 zł;40.00 zł;Dedykowanych zasilacz LOGIC do komputerów przenośnych, których zapotrzebowanie na moc nie przekracza 90W. Używając zasilaczy Logic można mieć pewność, że Twój komputer będzie ładowany zawsze prądem o stabilnym napięciu. Zastosowane w urządzeniach serii LA-1W90XX wysokiej klasy komponenty, czynią z niego jedne z najbardziej niezawodnych dedykowanych zasilaczy do komputerów przenośnych na rynku.;;;;;;;;1;;;1;https://foxkomputer.pl/userdata/public/gfx/6caf38e67b23780bf38fb2d68f957103.jpg, https://foxkomputer.pl/userdata/public/gfx/6caf38e67b23780bf38fb2d68f957103.jpg, https://foxkomputer.pl/userdata/public/gfx/63403fd33dfa4ea952f4aba3259f4f49.jpg, https://foxkomputer.pl/environment/cache/images/300_300_productGfx_e5c3b7805073f682add3e4eaf75b3b8e.jpg;;1;Okres gwarancji: 24 miesiące (gwarancja sprzedawcy),Producent: Logic Concept,Model: LA-1W90TO,Kod produktu (producenta): ZL-LA-1W90TO,Dedykowany model: Toshiba,Moc: 90 W,Napięcie prądu wyjściowego: 19 V,Typ opakowania: BOX;0;new
6605;1;Zasilacz uniwersalny Qoltec Monolith 65W;Zasilacze do laptopów;75.00 zł;;75.00 zł;0;0;0;;;;;;Qoltec;;;;;;;;;;;;;;;;;;75.00 zł;75.00 zł;Automatyczny uniwersalny zasilacz sieciowy marki Qoltec charakteryzuje się najlepszą jakością oraz wykonaniem z wysokiej jakości materiałów. Idealnie sprawdzi się w domu oraz w pracy, jako zasilacz główny lub zapasowy. Uniwersalny zasilacz sieciowy o mocy 65W, posiada 8 modeli wtyczek, dzięki którym można go dopasować do kilku modeli laptopów. Nowoczesny, o wysokiej sprawności zasilacz szybko i bezpiecznie naładuje laptopa dzięki precyzyjnemu dostosowaniu parametrów ładowania. Wyposażony w zaawansowane technologie (zabezpieczenia) przeciwprzepięciowe, przeciwprzeciążeniowe przeciwzwarciowe i termiczne, które wpływają na bezpieczeństwo w użytkowaniu. Zasilacz sieciowy cechuje się niskim zużyciem energii oraz wysoką wydajnością. W zestawie razem z zasilaczem znajduje się kabel zasilający oraz rzep którym można regulować długość kabla zasilacza Qoltec.;;;;;;;;1;;;1;https://foxkomputer.pl/userdata/public/gfx/32870/image_59a3dfe32249a.jpg, https://foxkomputer.pl/userdata/public/gfx/32870/image_59a3dfe32249a.jpg, https://foxkomputer.pl/userdata/public/gfx/32872/image_56d06a1dba132.jpg, https://foxkomputer.pl/environment/cache/images/300_300_productGfx_32871/image_59a3dfd07499f.jpg;;1;Okres gwarancji: 24 miesiące (gwarancja sprzedawcy),Producent: Qoltec,Model: Monolith,Kod produktu (producenta): 50011,Dedykowany model: Uniwersalny,Moc: 65 W,Napięcie prądu wyjściowego: 18.5 V / 19 V / 19.5 V / 20 V,Natężenie prądu wyjściowego: 3.5 A,Wymiary końcówki ładowania: 4.8x1.7x12.5mm (HP), 5.5x2.5x12.5mm (Acer), 5.0x3.2x12mm (Samsung), 6.5x4.3x12.5mm (Sony), 5.5x1.7x12.5mm (Acer), 7.4x5.0x12.5mm pin 0.6 (HP), 7.4x5.0x13.5mm (Dell), 11x4.2mm (Lenovo),Typ opakowania: BOX;0;new
25053;1;Acer Notebook Extensa EX215-32-C3NJ  WIN11H/N5100/8GB/256SSD/UMA/15.6;Laptopy/Notebooki/Ultrabooki;1 341.88 zł;;1 341.88 zł;0;0;0;;;;;;;;;;;;;;;;;;;;;;;;1 341.88 zł;1 341.88 zł;Laptopy Extensa 15 zostały zaprojektowane z myślą o pracownikach potrzebujących mocy obliczeniowych i funkcjonalności do wykonywania codziennych obowiązków. Mają wszystko, czego potrzeba do wygodnej pracy, a pełne naładowanie baterii wystarcza nawet na 9 godzin funkcjonowania urządzenia. Te smukłe i lekkie laptopy są niezwykle wydajne i zapewniają wszystkie funkcje niezbędne do prowadzenia firmy.;;;;;;;;1;;;1;https://foxkomputer.pl/userdata/public/gfx/515818/acef101563c1233d3488752209e0a725.jpg, https://foxkomputer.pl/userdata/public/gfx/515818/acef101563c1233d3488752209e0a725.jpg, https://foxkomputer.pl/userdata/public/gfx/515819/e86ecc131611114d73a7ba95effc4916.jpg, https://foxkomputer.pl/userdata/public/gfx/515820/ed9c1e2f893f1150ebdc534ee694d55d.jpg, https://foxkomputer.pl/userdata/public/gfx/515821/c49f56d3ec3822f9bc2502ee57b27b69.jpg, https://foxkomputer.pl/userdata/public/gfx/515822/5864ce6f6c443a234c784588550c1619.jpg, https://foxkomputer.pl/userdata/public/gfx/515823/71ea8a04b687e24ffbbb2582d50b2df4.jpg, https://foxkomputer.pl/userdata/public/gfx/515824/8d04418da6c15a09bc348629b0fcfe0a.jpg, https://foxkomputer.pl/environment/cache/images/300_300_productGfx_515583/d9d52f059ecd677f6b352bd27c186d4d.jpg;;1;Typ: Notebook,Intel vPro: Nie,Bluetooth: 4.2,Model: Extensa 15,Liczba rdzeni: 4,Rodzina procesora: Intel Celeron,Liczba wątków: 4,Taktowanie procesora: 1.1 GHz,Cache L3: 4 MB,Taktowanie (Boost): 2.8 GHz,Obsługa ECC: Nie,Pozostałe informacje o procesorze: Intel Celeron N5100,Przekątna ekranu: 15,6'',Rozdzielczość: 1920 x 1080 (FHD 1080),Powierzchnia matrycy: Matowa,Technologia podświetlania: Diody LED,Ekran dotykowy: Nie,Model karty graficznej: Intel UHD Graphics,Producent chipsetu: Intel,Zainstalowana pamięć RAM: 8 GB,Maks. wielkość pamięci: 16 GB,Liczba obsadzonych gniazd pamięci: 1,Rodzaj pamięci: DDR4,Typ dysku: SSD,Pojemność SSD: 256 GB,Interfejs dysku SSD: PCI-Express,Napęd optyczny: Brak,Komunikacja: Bluetooth • LAN 10/100/1000 • WiFi 802.11 ac,Modem WWAN (3G) / LTE (4G): Nie,Gniazda rozszerzeń: Nie,Porty USB: 1 x USB 2.0 Type-A • 2 x USB 3.0 Type-A,Porty wideo: 1 x HDMI,Czytnik kart pamięci: Nie,Pozostałe porty we/wy: 1 x Audio (Combo) • 1 x RJ-45,Kamera internetowa: Tak,Pojemność baterii: 36 Wh,Typ ogniwa: Li-ion,Liczba komór: 2-komorowa,System operacyjny: Windows 11 Home,Kolor: Czarny,Wysokość: 19.9 mm,Szerokość: 363.4 mm,Głębokość: 238.4 mm,Waga: 1.7 kg,Typ gwarancji: gwarancja zewnętrzna,Okres gwarancji (miesiące): 24,Dokowanie: Nie,Podświetlana klawiatura: Nie,Czytnik linii papilarnych: Nie;0;new
25052;1;Acer Notebook Extensa EX215-32-P7WU    WIN11H/N6000/8GB/256GB/UMA/15.6;Laptopy/Notebooki/Ultrabooki;1 559.34 zł;;1 559.34 zł;0;0;0;;;;;;;;;;;;;;;;;;;;;;;;1 559.34 zł;1 559.34 zł;Ten podstawowy laptop zapewnia wydajność, jakiej potrzebujesz w domu lub pracy. Dzięki procesorowi Intel1 w pełnej gotowości wszystkie aplikacje działają w niezmiennie płynnym tempie.;;;;;;;;1;;;1;https://foxkomputer.pl/userdata/public/gfx/513170/92710ef90fe026445edf62c83368cbb3.jpg, https://foxkomputer.pl/userdata/public/gfx/513170/92710ef90fe026445edf62c83368cbb3.jpg, https://foxkomputer.pl/userdata/public/gfx/513171/149c875d4b9f74f8f566805d71d4e02a.jpg, https://foxkomputer.pl/userdata/public/gfx/513172/b90cb21c955ab04c5a9b41a57dde7fe3.jpg, https://foxkomputer.pl/userdata/public/gfx/513174/e300aa51816beb45692d557903fbb5ce.jpg, https://foxkomputer.pl/userdata/public/gfx/513175/84198d63f302656bf2f62c55af592ec3.jpg, https://foxkomputer.pl/environment/cache/images/300_300_productGfx_513155/58032eaf2e3ebb24661e77a6247757b9.jpg;;1;Intel vPro: Nie,Model: Extensa 15,Liczba rdzeni: 4,Typ: Notebook,Rodzina procesora: Intel Pentium Silver,Liczba wątków: 4,Taktowanie procesora: 1.1 GHz,Cache L3: 4 MB,Taktowanie (Boost): 3.3 GHz,Obsługa ECC: Nie,Pozostałe informacje o procesorze: Intel Pentium Silver N6000,Przekątna ekranu: 15,6'',Rozdzielczość: 1920 x 1080 (FHD 1080),Powierzchnia matrycy: Matowa,Technologia podświetlania: Diody LED,Ekran dotykowy: Nie,Model karty graficznej: Intel UHD Graphics,Producent chipsetu: Intel,Zainstalowana pamięć RAM: 8 GB,Maks. wielkość pamięci: 16 GB,Liczba obsadzonych gniazd pamięci: 1,Rodzaj pamięci: SODIMM DDR4,Typ dysku: SSD,Pojemność SSD: 256 GB,Interfejs dysku SSD: PCI-Express,Napęd optyczny: Brak,Komunikacja: Bluetooth • LAN 10/100/1000 • WiFi 802.11 ac,Modem WWAN (3G) / LTE (4G): Nie,Gniazda rozszerzeń: Nie,Porty USB: 1 x USB 2.0 Type-A • 2 x USB 3.0 Type-A,Porty wideo: 1 x HDMI,Czytnik kart pamięci: Nie,Pozostałe porty we/wy: 1 x Audio (Combo) • 1 x RJ-45,Kamera internetowa: Tak,Pojemność baterii: 36 mAh,Typ ogniwa: Li-ion,Liczba komór: 2-komorowa,System operacyjny: Windows 11 Home,Kolor: Czarny,Wysokość: 19.9 mm,Szerokość: 363.4 mm,Głębokość: 238.4 mm,Waga: 1.7 kg,Typ gwarancji: gwarancja zewnętrzna,Okres gwarancji (miesiące): 24,Dokowanie: Nie,Podświetlana klawiatura: Nie,Czytnik linii papilarnych: Nie;0;new
23544;1;Dell Notebook Latitude 3340 Win11Pro i5-1335U/8GB/256GB SSD/13.3 FHD/Integrated/FgrPr/FHD Cam/Mic/WLAN + BT/Backlit Kb/3 Cell/3Y;Laptopy/Notebooki/Ultrabooki;4 379.39 zł;;4 379.39 zł;0;0;0;;;;;;;;;;;;;;;;;;;;;;;;4 379.39 zł;4 379.39 zł;Zbliża pracę do Ciebie13.3-calowy notebook oferujący inteligentną wydajność. Nowy touchpad, ulepszone funkcje współpracy i procesory Intel Core trzynastej generacji.;;;;;;;;1;;;1;https://foxkomputer.pl/userdata/public/gfx/430861/db15635edbbce93356bfefadef0d8e40.jpg, https://foxkomputer.pl/userdata/public/gfx/430861/db15635edbbce93356bfefadef0d8e40.jpg, https://foxkomputer.pl/userdata/public/gfx/430862/0885437c91d4c342f74a32fa55c2f012.jpg, https://foxkomputer.pl/userdata/public/gfx/430863/8c9acc46fb45538389ed3dc4ffd06ece.jpg, https://foxkomputer.pl/userdata/public/gfx/430864/db15b16e6e05bfaed99c490dfddfb46f.jpg, https://foxkomputer.pl/userdata/public/gfx/430865/930d69e9a5842bf0c5666e220977753f.jpg, https://foxkomputer.pl/userdata/public/gfx/430866/bff0f94d1e8a5e72b1987ab11ca29b15.jpg, https://foxkomputer.pl/userdata/public/gfx/430867/060b14eb1befa41051db5bd0908de55a.jpg, https://foxkomputer.pl/userdata/public/gfx/430868/6a76d5a1cf2b556141a52540db27ca80.jpg, https://foxkomputer.pl/userdata/public/gfx/430869/751c8b2f6c038c1334889626bd60eac8.jpg, https://foxkomputer.pl/userdata/public/gfx/430870/8751e2ed5e8b1bb1bb88ab88d6dc6e52.jpg, https://foxkomputer.pl/userdata/public/gfx/430871/63e6e9e33f0f40085f84b0759f2c7580.jpg, https://foxkomputer.pl/environment/cache/images/300_300_productGfx_430750/8aa8739957475c63f5f8d10683b72145.jpg;;1;TCO Certified: Tak,Model: Latitude 3340,Liczba rdzeni: 10,Typ: Notebook,Intel vPro: Nie,Jasność: 250 nits,Rodzina procesora: Intel Core i5,Liczba wątków: 12,Cache L3: 12 MB,Taktowanie (Boost): 4.6 GHz,Generacja procesora: Trzynasta,Obsługa ECC: Nie,Pozostałe informacje o procesorze: Intel Core i5-1335U,Przekątna ekranu: 13,3'',Rozdzielczość: 1920 x 1080 (FHD 1080),Powierzchnia matrycy: Matowa,Technologia podświetlania: Diody LED,Ekran dotykowy: Nie,Model karty graficznej: Intel Iris Xe,Producent chipsetu: Intel,Zainstalowana pamięć RAM: 8 GB,Maks. wielkość pamięci: 8 GB,Liczba obsadzonych gniazd pamięci: 1,Rodzaj pamięci: LPDDR5,Częstotliwość szyny pamięci: 4800 MHz,Typ dysku: SSD,Pojemność SSD: 256 GB,Interfejs dysku SSD: PCI-Express,Napęd optyczny: Brak,Komunikacja: Bluetooth • WiFi 802.11 ax,Modem WWAN (3G) / LTE (4G): Nie,Gniazda rozszerzeń: Nie,Porty USB: 1 x USB 3.1 Type-C • 2 x USB 3.0 Type-A,Porty wideo: 1 x HDMI,Czytnik kart pamięci: Nie,Pozostałe porty we/wy: 1 x Audio (Combo),Kamera internetowa: Tak,Pojemność baterii: 54 Wh,Typ ogniwa: Li-ion,Liczba komór: 3-komorowa,System operacyjny: Windows 11 Pro,Kolor: Szary,Wysokość: 16.79 mm,Szerokość: 305.96 mm,Głębokość: 210.86 mm,Waga: 1.25 kg,Typ gwarancji: gwarancja zewnętrzna,Okres gwarancji (miesiące): 36,Format szerokości SSD: M.2,Dokowanie: Nie,Podświetlana klawiatura: Tak,Akcesoria w zestawie: Dokumentacja Zasilacz 65W Europejski przewód zasilający,Czytnik linii papilarnych: Tak,Informacje o gwarancji: 3 lata Pro Support,Dodatkowe oprogramowanie: Wersja próbna pakietu Microsoft Office;0;new
23545;1;Dell Notebook Latitude 3340 Win11Pro i5-1335U/8GB/256GB SSD/2in1 13.3 FHD Touch/Integrated/FgrPr/FHD/IR Cam/Mic/WLAN + BT/Backli;Laptopy/Notebooki/Ultrabooki;4 970.42 zł;;4 970.42 zł;0;0;0;;;;;;;;;;;;;;;;;;;;;;;;4 970.42 zł;4 970.42 zł;Zbliża pracę do Ciebie13.3-calowy notebook 2w1 oferujący inteligentną wydajność. Nowy touchpad, ulepszone funkcje współpracy i procesory Intel Core trzynastej generacji.;;;;;;;;1;;;1;https://foxkomputer.pl/userdata/public/gfx/430872/f61330aae258a91c579ecc442f90edce.jpg, https://foxkomputer.pl/userdata/public/gfx/430872/f61330aae258a91c579ecc442f90edce.jpg, https://foxkomputer.pl/userdata/public/gfx/430873/3d272d788807d7a0072825f2926b947b.jpg, https://foxkomputer.pl/userdata/public/gfx/430874/5ff365c7a4d7875116d84e6e76cb4399.jpg, https://foxkomputer.pl/userdata/public/gfx/430875/f4362a6203f1b5007aaa4c3db63b8701.jpg, https://foxkomputer.pl/userdata/public/gfx/430876/cd0929e63047c228b5793a104fedc57c.jpg, https://foxkomputer.pl/userdata/public/gfx/430877/72bf5153240551bcbffddb54fc7d1348.jpg, https://foxkomputer.pl/userdata/public/gfx/430878/761e724294d19168026a2a483f12e8c8.jpg, https://foxkomputer.pl/userdata/public/gfx/430879/06124ac34d5daab5c4b0b1df42e33906.jpg, https://foxkomputer.pl/userdata/public/gfx/430880/9eba6b4e6a2e81e740f1c7f462ee1b17.jpg, https://foxkomputer.pl/userdata/public/gfx/430881/b88492237d1d41edca374ae0c317d9d7.jpg, https://foxkomputer.pl/userdata/public/gfx/430882/d3416014e9d9114f5584186b458c1a8e.jpg, https://foxkomputer.pl/userdata/public/gfx/430883/a74b8421d3700db6511ee7efdf5dd47d.jpg, https://foxkomputer.pl/userdata/public/gfx/430884/dda350a7eb9547bd92ea21a8698ec7d7.jpg, https://foxkomputer.pl/userdata/public/gfx/430885/a98c76f003b5ce435184f42f0bbd9d5d.jpg, https://foxkomputer.pl/environment/cache/images/300_300_productGfx_430751/ad3f438077530189f54dbbc283f643cb.jpg;;1;Model: Latitude 3340,Liczba rdzeni: 10,Typ: Notebook,Intel vPro: Nie,Jasność: 300 nits,TCO Certified: Tak,Rodzina procesora: Intel Core i5,Liczba wątków: 12,Cache L3: 12 MB,Taktowanie (Boost): 4.6 GHz,Generacja procesora: Trzynasta,Obsługa ECC: Nie,Pozostałe informacje o procesorze: Intel Core i5-1335U,Przekątna ekranu: 13,3'',Rozdzielczość: 1920 x 1080 (FHD 1080),Powierzchnia matrycy: Matowa,Technologia podświetlania: Diody LED,Ekran dotykowy: Tak,Model karty graficznej: Intel Iris Xe,Producent chipsetu: Intel,Zainstalowana pamięć RAM: 8 GB,Maks. wielkość pamięci: 8 GB,Liczba obsadzonych gniazd pamięci: 1,Rodzaj pamięci: LPDDR5,Częstotliwość szyny pamięci: 4800 MHz,Typ dysku: SSD,Pojemność SSD: 256 GB,Interfejs dysku SSD: PCI-Express,Napęd optyczny: Brak,Komunikacja: Bluetooth • WiFi 802.11 ax,Modem WWAN (3G) / LTE (4G): Nie,Gniazda rozszerzeń: Nie,Porty USB: 1 x USB 3.1 Type-C • 2 x USB 3.0 Type-A,Porty wideo: 1 x HDMI,Czytnik kart pamięci: Nie,Pozostałe porty we/wy: 1 x Audio (Combo),Kamera internetowa: Tak,Pojemność baterii: 54 Wh,Typ ogniwa: Li-ion,Liczba komór: 3-komorowa,System operacyjny: Windows 11 Pro,Kolor: Szary,Wysokość: 16.77 mm,Szerokość: 305.96 mm,Głębokość: 210.86 mm,Waga: 1.35 kg,Typ gwarancji: gwarancja zewnętrzna,Okres gwarancji (miesiące): 36,Format szerokości SSD: M.2,Dokowanie: Nie,Podświetlana klawiatura: Tak,Akcesoria w zestawie: Dokumentacja Zasilacz 65W Europejski przewód zasilający,Czytnik linii papilarnych: Tak,Informacje o gwarancji: 3 lata Pro Support,Dodatkowe oprogramowanie: Wersja próbna pakietu Microsoft Office;0;new
23546;1;Dell Notebook Latitude 3340 Win11Pro i5-1345U/16GB/256GB SSD/13.3 FHD/Intel Iris Xe/FgrPr/FHD Cam/Mic/WLAN + BT/Backlit Kb/3 Cel;Laptopy/Notebooki/Ultrabooki;4 733.83 zł;;4 733.83 zł;0;0;0;;;;;;;;;;;;;;;;;;;;;;;;4 733.83 zł;4 733.83 zł;Zbliża pracę do Ciebie13.3-calowy notebook oferujący inteligentną wydajność. Nowy touchpad, ulepszone funkcje współpracy i procesory Intel Core trzynastej generacji.;;;;;;;;1;;;1;https://foxkomputer.pl/userdata/public/gfx/430886/d8592917293c6e2ec10ac349661c5d65.jpg, https://foxkomputer.pl/userdata/public/gfx/430886/d8592917293c6e2ec10ac349661c5d65.jpg, https://foxkomputer.pl/userdata/public/gfx/430887/c3621fb96028ee28954ac407c78e2365.jpg, https://foxkomputer.pl/userdata/public/gfx/430888/dd37c192b35248edf0466749a8e01a45.jpg, https://foxkomputer.pl/userdata/public/gfx/430889/e0450dcfed1346dbab8139c85ab259ab.jpg, https://foxkomputer.pl/userdata/public/gfx/430890/dc7c890925dfb3bf7bfa80ef0e590f7b.jpg, https://foxkomputer.pl/userdata/public/gfx/430891/4b29e6c88b9c960e4b95278f5afc966f.jpg, https://foxkomputer.pl/userdata/public/gfx/430892/c3f7b6f02bf75e7d9aee9afbfb635d0f.jpg, https://foxkomputer.pl/userdata/public/gfx/430893/23663f118ca95db5c304c08924ff613d.jpg, https://foxkomputer.pl/userdata/public/gfx/430894/c31ea9c9135a21ee71973d3205584a0b.jpg, https://foxkomputer.pl/userdata/public/gfx/430895/5f7cf3e6ee570802fc3673c2d507421b.jpg, https://foxkomputer.pl/userdata/public/gfx/430896/a474122762265a9d39aa158587eb408a.jpg, https://foxkomputer.pl/environment/cache/images/300_300_productGfx_430752/5499fcee7710a9dcc885da93bd4f683a.jpg;;1;Model: Latitude 3340,Liczba rdzeni: 10,Typ: Notebook,Intel vPro: Nie,Jasność: 250 nits,TCO Certified: Tak,Rodzina procesora: Intel Core i5,Liczba wątków: 12,Cache L3: 12 MB,Taktowanie (Boost): 4.7 GHz,Generacja procesora: Trzynasta,Obsługa ECC: Nie,Pozostałe informacje o procesorze: Intel Core i5-1345U,Przekątna ekranu: 13,3'',Rozdzielczość: 1920 x 1080 (FHD 1080),Powierzchnia matrycy: Matowa,Technologia podświetlania: Diody LED,Ekran dotykowy: Nie,Model karty graficznej: Intel Iris Xe,Producent chipsetu: Intel,Zainstalowana pamięć RAM: 16 GB,Maks. wielkość pamięci: 16 GB,Rodzaj pamięci: LPDDR5,Częstotliwość szyny pamięci: 4800 MHz,Typ dysku: SSD,Pojemność SSD: 256 GB,Interfejs dysku SSD: PCI-Express,Napęd optyczny: Brak,Komunikacja: Bluetooth • WiFi 802.11 ax,Modem WWAN (3G) / LTE (4G): Nie,Gniazda rozszerzeń: Nie,Porty USB: 1 x USB 3.1 Type-C • 2 x USB 3.0 Type-A,Porty wideo: 1 x HDMI,Czytnik kart pamięci: Nie,Pozostałe porty we/wy: 1 x Audio (Combo),Kamera internetowa: Tak,Pojemność baterii: 54 Wh,Typ ogniwa: Li-ion,Liczba komór: 3-komorowa,System operacyjny: Windows 11 Pro,Kolor: Szary,Wysokość: 16.79 mm,Szerokość: 305.96 mm,Głębokość: 210.86 mm,Waga: 1.25 kg,Typ gwarancji: gwarancja zewnętrzna,Okres gwarancji (miesiące): 36,Format szerokości SSD: M.2,Dokowanie: Nie,Podświetlana klawiatura: Tak,Akcesoria w zestawie: Dokumentacja Zasilacz 65W Europejski przewód zasilający,Czytnik linii papilarnych: Tak,Informacje o gwarancji: 3 lata Pro Support,Dodatkowe oprogramowanie: Wersja próbna pakietu Microsoft Office;0;new
23548;1;"Dell Notebook Latitude 3440 Win11Pro i3-1315U/8GB/256GB SSD/14.0"" FHD/Integrated/FgrPr/FHD/IR Cam/Mic/WLAN + BT/Backlit Kb/3 Cel";Laptopy/Notebooki/Ultrabooki;3 836.42 zł;;3 836.42 zł;0;0;0;;;;;;;;;;;;;;;;;;;;;;;;3 836.42 zł;3 836.42 zł;Notebook Latitude 3440;;;;;;;;1;;;1;https://foxkomputer.pl/userdata/public/gfx/430908/c7fd99672910500e0e59a0e597adfa92.jpg, https://foxkomputer.pl/userdata/public/gfx/430908/c7fd99672910500e0e59a0e597adfa92.jpg, https://foxkomputer.pl/userdata/public/gfx/430909/ae67f79ac2db576e4b5461b33ebfaa4e.jpg, https://foxkomputer.pl/userdata/public/gfx/430910/c4524f80127bbe38819f4747298e8e4f.jpg, https://foxkomputer.pl/userdata/public/gfx/430911/1fc255afe11c7bfe72b6f83fa01704c2.jpg, https://foxkomputer.pl/userdata/public/gfx/430912/6e0cc218a3debc7f03d9598d727db623.jpg, https://foxkomputer.pl/userdata/public/gfx/430913/bff9d2424353bc1b5250e79c2dd00902.jpg, https://foxkomputer.pl/userdata/public/gfx/430914/629504b9ead2b92bfbd7a6da760eb48e.jpg, https://foxkomputer.pl/userdata/public/gfx/430915/af8e4ecce40c3d9b455af15db9036029.jpg, https://foxkomputer.pl/userdata/public/gfx/430916/2be2ab1735d7940c89a43ab96559369e.jpg, https://foxkomputer.pl/environment/cache/images/300_300_productGfx_430754/eff9a4ef39f356a98fdb8881970b9873.jpg;;1;Typ: Notebook,Intel vPro: Nie,Jasność: 250 nits,TCO Certified: Tak,Model: Latitude 3440,Liczba rdzeni: 6,Rodzina procesora: Intel Core i3,Liczba wątków: 8,Cache L3: 10 MB,Taktowanie (Boost): 4.5 GHz,Generacja procesora: Trzynasta,Obsługa ECC: Nie,Pozostałe informacje o procesorze: Intel Core i3-1315U,Przekątna ekranu: 14'',Rozdzielczość: 1920 x 1080 (FHD 1080),Powierzchnia matrycy: Matowa,Technologia podświetlania: Diody LED,Typ matrycy: TFT WVA,Ekran dotykowy: Nie,Model karty graficznej: Intel Iris Xe,Producent chipsetu: Intel,Zainstalowana pamięć RAM: 8 GB,Maks. wielkość pamięci: 64 GB,Liczba obsadzonych gniazd pamięci: 1,Liczba wolnych gniazd pamięci: 1,Rodzaj pamięci: DDR4,Częstotliwość szyny pamięci: 3200 MHz,Typ dysku: SSD,Pojemność SSD: 256 GB,Interfejs dysku SSD: PCI-Express,Napęd optyczny: Brak,Komunikacja: Bluetooth • LAN 10/100/1000 • WiFi 802.11 ax,Modem WWAN (3G) / LTE (4G): Nie,Gniazda rozszerzeń: Nie,Porty USB: 1 x USB 3.1 Type-C • 2 x USB 3.0 Type-A,Porty wideo: 1 x HDMI,Czytnik kart pamięci: Nie,Pozostałe porty we/wy: 1 x Audio (Combo) • 1 x RJ-45,Kamera internetowa: Tak,Pojemność baterii: 54 Wh,Typ ogniwa: Li-ion,Liczba komór: 3-komorowa,System operacyjny: Windows 11 Pro,Kolor: Szary,Wysokość: 17.68 mm,Szerokość: 322.17 mm,Głębokość: 219.43 mm,Waga: 1.54 kg,Typ gwarancji: gwarancja zewnętrzna,Okres gwarancji (miesiące): 36,Format szerokości SSD: M.2,Dokowanie: Nie,Podświetlana klawiatura: Tak,Akcesoria w zestawie: Dokumentacja Zasilacz 65W Europejski przewód zasilający,Czytnik linii papilarnych: Tak,Informacje o gwarancji: 3 lata Pro Support,Dodatkowe oprogramowanie: Wersja próbna pakietu Microsoft Office;0;new
23550;1;Dell Notebook Latitude 3440 Win11Pro i5-1335U/16GB/512GB SSD/14.0 FHD/Intel Iris Xe/FgrPr/FHD/IR Cam/Mic/WLAN + BT/Backlit Kb/3 ;Laptopy/Notebooki/Ultrabooki;4 532.38 zł;;4 532.38 zł;0;0;0;;;;;;;;;;;;;;;;;;;;;;;;4 532.38 zł;4 532.38 zł;Notebook Latitude 3440;;;;;;;;1;;;1;https://foxkomputer.pl/userdata/public/gfx/430928/2d71e8c100fddd2bb44e534d288e7719.jpg, https://foxkomputer.pl/userdata/public/gfx/430928/2d71e8c100fddd2bb44e534d288e7719.jpg, https://foxkomputer.pl/userdata/public/gfx/430929/577fe63d783a1508e5a238f56a0dcd21.jpg, https://foxkomputer.pl/userdata/public/gfx/430930/ea28d52d25d2e5b10374fced121aafe7.jpg, https://foxkomputer.pl/userdata/public/gfx/430931/ea1cf61226eca7097243d1e378ccb089.jpg, https://foxkomputer.pl/userdata/public/gfx/430932/0273c4c40391ec8892dbed4f6e1e388e.jpg, https://foxkomputer.pl/userdata/public/gfx/430933/26ead715d219e1505a80703f7818400d.jpg, https://foxkomputer.pl/userdata/public/gfx/430934/b574df74e3cff8c5704a1c816bf55871.jpg, https://foxkomputer.pl/userdata/public/gfx/430935/242c4e4d92f5cf4381a22abd3dddf75e.jpg, https://foxkomputer.pl/userdata/public/gfx/430936/b8c969662a77c8dc15de0746f5000610.jpg, https://foxkomputer.pl/environment/cache/images/300_300_productGfx_430756/238ac074bc2dcdfdaf0d209b831b4d6b.jpg;;1;Model: Latitude 3440,Liczba rdzeni: 10,Typ: Notebook,Intel vPro: Nie,Jasność: 250 nits,TCO Certified: Tak,Rodzina procesora: Intel Core i5,Liczba wątków: 12,Cache L3: 12 MB,Taktowanie (Boost): 4.6 GHz,Generacja procesora: Trzynasta,Obsługa ECC: Nie,Pozostałe informacje o procesorze: Intel Core i5-1335U,Przekątna ekranu: 14'',Rozdzielczość: 1920 x 1080 (FHD 1080),Powierzchnia matrycy: Matowa,Technologia podświetlania: Diody LED,Typ matrycy: TFT WVA,Ekran dotykowy: Nie,Model karty graficznej: Intel Iris Xe,Producent chipsetu: Intel,Zainstalowana pamięć RAM: 16 GB,Maks. wielkość pamięci: 64 GB,Liczba obsadzonych gniazd pamięci: 2,Rodzaj pamięci: DDR4,Częstotliwość szyny pamięci: 3200 MHz,Typ dysku: SSD,Pojemność SSD: 512 GB,Interfejs dysku SSD: PCI-Express,Napęd optyczny: Brak,Komunikacja: Bluetooth • LAN 10/100/1000 • WiFi 802.11 ax,Modem WWAN (3G) / LTE (4G): Nie,Gniazda rozszerzeń: Nie,Porty USB: 1 x USB 3.1 Type-C • 2 x USB 3.0 Type-A,Porty wideo: 1 x HDMI,Czytnik kart pamięci: Nie,Pozostałe porty we/wy: 1 x Audio (Combo) • 1 x RJ-45,Kamera internetowa: Tak,Pojemność baterii: 54 Wh,Typ ogniwa: Li-ion,Liczba komór: 3-komorowa,System operacyjny: Windows 11 Pro,Kolor: Szary,Wysokość: 17.68 mm,Szerokość: 322.17 mm,Głębokość: 219.43 mm,Waga: 1.54 kg,Typ gwarancji: gwarancja zewnętrzna,Okres gwarancji (miesiące): 36,Format szerokości SSD: M.2,Dokowanie: Nie,Podświetlana klawiatura: Tak,Akcesoria w zestawie: Dokumentacja Zasilacz 65W Europejski przewód zasilający,Czytnik linii papilarnych: Tak,Informacje o gwarancji: 3 lata Pro Support,Dodatkowe oprogramowanie: Wersja próbna pakietu Microsoft Office;0;new
24010;1;Dell Notebook Latitude 3440 Win11Pro i5-1335U/8GB/256GB SSD/14.0 FHD/Intel Iris Xe/FgrPr/FHD Cam/Mic/WLAN+BT/Backlit Kb/3 Cell/3;Laptopy/Notebooki/Ultrabooki;3 948.60 zł;;3 948.60 zł;0;0;0;;;;;;;;;;;;;;;;;;;;;;;;3 948.60 zł;3 948.60 zł;Notebook Latitude 3440;;;;;;;;1;;;1;https://foxkomputer.pl/userdata/public/gfx/448676/a898ee8c5f9915bdf20b1295fd0583e6.jpg, https://foxkomputer.pl/userdata/public/gfx/448676/a898ee8c5f9915bdf20b1295fd0583e6.jpg, https://foxkomputer.pl/userdata/public/gfx/448677/69eeea4b48014cee970ee81d7866bb71.jpg, https://foxkomputer.pl/userdata/public/gfx/448678/49bb54cef0e4bd6b17f1b530580b3940.jpg, https://foxkomputer.pl/userdata/public/gfx/448679/06d9977675021abde3016cd0cfb80980.jpg, https://foxkomputer.pl/userdata/public/gfx/448680/cae0f94c3907d15f391772b9aafd9945.jpg, https://foxkomputer.pl/userdata/public/gfx/448681/23e34ff1c523f4c600f5d7403ae546b1.jpg, https://foxkomputer.pl/userdata/public/gfx/448682/97364a93dd5ba41e6be0fc71ba01f974.jpg, https://foxkomputer.pl/userdata/public/gfx/448683/a07b77a60c3ad7959061c356382d82c3.jpg, https://foxkomputer.pl/userdata/public/gfx/448684/99f38c3000853508df9fa86939c766e9.jpg, https://foxkomputer.pl/environment/cache/images/300_300_productGfx_448594/428b7365153d6acc32b38bc34e8ccd6a.jpg;;1;Model: Latitude 3440,Liczba rdzeni: 10,Typ: Notebook,Intel vPro: Nie,Jasność: 250 nits,TCO Certified: Tak,Rodzina procesora: Intel Core i5,Liczba wątków: 12,Cache L3: 12 MB,Taktowanie (Boost): 4.6 GHz,Generacja procesora: Trzynasta,Obsługa ECC: Nie,Pozostałe informacje o procesorze: Intel Core i5-1335U,Przekątna ekranu: 14'',Rozdzielczość: 1920 x 1280,Powierzchnia matrycy: Matowa,Technologia podświetlania: Diody LED,Typ matrycy: TFT IPS,Ekran dotykowy: Nie,Model karty graficznej: Intel Iris Xe,Producent chipsetu: Intel,Zainstalowana pamięć RAM: 8 GB,Maks. wielkość pamięci: 64 GB,Liczba obsadzonych gniazd pamięci: 1,Liczba wolnych gniazd pamięci: 1,Rodzaj pamięci: DDR4,Częstotliwość szyny pamięci: 3200 MHz,Typ dysku: SSD,Pojemność SSD: 256 GB,Interfejs dysku SSD: PCI-Express,Napęd optyczny: Brak,Komunikacja: Bluetooth • LAN 10/100/1000 • WiFi 802.11 ax,Modem WWAN (3G) / LTE (4G): Nie,Gniazda rozszerzeń: Nie,Porty USB: 1 x USB 3.1 Type-C • 3 x USB 3.0 Type-A,Porty wideo: 1 x HDMI,Czytnik kart pamięci: Nie,Pozostałe porty we/wy: 1 x Audio (Combo) • 1 x RJ-45,Kamera internetowa: Tak,Pojemność baterii: 54 Wh,Typ ogniwa: Li-ion,Liczba komór: 3-komorowa,System operacyjny: Windows 11 Pro,Kolor: Szary,Wysokość: 17.68 mm,Szerokość: 322.17 mm,Głębokość: 219.43 mm,Waga: 1.54 kg,Typ gwarancji: gwarancja zewnętrzna,Okres gwarancji (miesiące): 36,Format szerokości SSD: M.2,Dokowanie: Nie,Podświetlana klawiatura: Tak,Akcesoria w zestawie: Dokumentacja Zasilacz 65W Europejski przewód zasilający,Czytnik linii papilarnych: Tak,Informacje o gwarancji: 3 lata Pro Support,Dodatkowe oprogramowanie: Wersja próbna pakietu Microsoft Office;0;new
23549;1;Dell Notebook Latitude 3440 Win11Pro i5-1335U/8GB/256GB SSD/14.0 FHD/Intel Iris Xe/FgrPr/FHD/IR Cam/Mic/WLAN + BT/Backlit Kb/3 C;Laptopy/Notebooki/Ultrabooki;4 273.91 zł;;4 273.91 zł;0;0;0;;;;;;;;;;;;;;;;;;;;;;;;4 273.91 zł;4 273.91 zł;Notebook Latitude 3440;;;;;;;;1;;;1;https://foxkomputer.pl/userdata/public/gfx/430918/dee612514545d65de70cc06b1cff3c1a.jpg, https://foxkomputer.pl/userdata/public/gfx/430918/dee612514545d65de70cc06b1cff3c1a.jpg, https://foxkomputer.pl/userdata/public/gfx/430919/72bb9e161525c224fd456996a9dde774.jpg, https://foxkomputer.pl/userdata/public/gfx/430920/efdc48b19f50efae20e00c9f430ae040.jpg, https://foxkomputer.pl/userdata/public/gfx/430921/cd50d3583c0804841f5eeb65b2b6fcdc.jpg, https://foxkomputer.pl/userdata/public/gfx/430922/1ecebdda57e4db5e47aa187c618e0cd0.jpg, https://foxkomputer.pl/userdata/public/gfx/430923/1ea5984e4cb1145a09a42ba0a5d3f000.jpg, https://foxkomputer.pl/userdata/public/gfx/430924/9185a2c67238814d68011eaf0cadb41a.jpg, https://foxkomputer.pl/userdata/public/gfx/430925/0f79b5b77a67ad89284b5a4654471c6c.jpg, https://foxkomputer.pl/userdata/public/gfx/430926/24dd90b3bd5c87560fab9ab983ff580e.jpg, https://foxkomputer.pl/environment/cache/images/300_300_productGfx_430755/886faebb3f569be37e677b586d13b95d.jpg;;1;Liczba rdzeni: 10,Typ: Notebook,Intel vPro: Nie,Jasność: 250 nits,TCO Certified: Tak,Model: Latitude 3440,Rodzina procesora: Intel Core i5,Liczba wątków: 12,Cache L3: 12 MB,Taktowanie (Boost): 4.6 GHz,Generacja procesora: Trzynasta,Obsługa ECC: Nie,Pozostałe informacje o procesorze: Intel Core i5-1335U,Przekątna ekranu: 14'',Rozdzielczość: 1920 x 1080 (FHD 1080),Powierzchnia matrycy: Matowa,Technologia podświetlania: Diody LED,Typ matrycy: TFT IPS,Ekran dotykowy: Nie,Model karty graficznej: Intel Iris Xe,Producent chipsetu: Intel,Zainstalowana pamięć RAM: 8 GB,Maks. wielkość pamięci: 64 GB,Liczba obsadzonych gniazd pamięci: 1,Liczba wolnych gniazd pamięci: 1,Rodzaj pamięci: DDR4,Częstotliwość szyny pamięci: 3200 MHz,Typ dysku: SSD,Pojemność SSD: 256 GB,Interfejs dysku SSD: PCI-Express,Napęd optyczny: Brak,Komunikacja: Bluetooth • LAN 10/100/1000 • WiFi 802.11 ax,Modem WWAN (3G) / LTE (4G): Nie,Gniazda rozszerzeń: Nie,Porty USB: 1 x USB 3.1 Type-C • 2 x USB 3.0 Type-A,Porty wideo: 1 x HDMI,Czytnik kart pamięci: Nie,Pozostałe porty we/wy: 1 x Audio (Combo) • 1 x RJ-45,Kamera internetowa: Tak,Pojemność baterii: 54 Wh,Typ ogniwa: Li-ion,Liczba komór: 3-komorowa,System operacyjny: Windows 11 Pro,Kolor: Szary,Wysokość: 17.68 mm,Szerokość: 322.17 mm,Głębokość: 219.43 mm,Waga: 1.54 kg,Typ gwarancji: gwarancja zewnętrzna,Okres gwarancji (miesiące): 36,Format szerokości SSD: M.2,Dokowanie: Nie,Podświetlana klawiatura: Tak,Akcesoria w zestawie: Dokumentacja Zasilacz 65W Europejski przewód zasilający,Czytnik linii papilarnych: Tak,Informacje o gwarancji: 3 lata Pro Support,Dodatkowe oprogramowanie: Wersja próbna pakietu Microsoft Office;0;new
23551;1;Dell Notebook Latitude 3440 Win11Pro i5-1345U/16GB/512GB SSD/14.0 FHD/Intel Iris Xe/FgrPr/FHD/IR Cam/Mic/WLAN + BT/Backlit Kb/3 ;Laptopy/Notebooki/Ultrabooki;4 733.83 zł;;4 733.83 zł;0;0;0;;;;;;;;;;;;;;;;;;;;;;;;4 733.83 zł;4 733.83 zł;Notebook Latitude 3440;;;;;;;;1;;;1;https://foxkomputer.pl/userdata/public/gfx/430938/726068be0ec81998afe587b536e389b5.jpg, https://foxkomputer.pl/userdata/public/gfx/430938/726068be0ec81998afe587b536e389b5.jpg, https://foxkomputer.pl/userdata/public/gfx/430939/53ad989a8de19e157af1b0b7449c7046.jpg, https://foxkomputer.pl/userdata/public/gfx/430940/7430c41f5b9b4367e73edc47d71349f0.jpg, https://foxkomputer.pl/userdata/public/gfx/430941/40076b0d3bfcd3442c8006835290351d.jpg, https://foxkomputer.pl/userdata/public/gfx/430942/096f160f57084358626940033493067a.jpg, https://foxkomputer.pl/userdata/public/gfx/430943/c23575abedf6dc838e689ea89df62568.jpg, https://foxkomputer.pl/userdata/public/gfx/430944/011fdb169cced65e7decaec134435f15.jpg, https://foxkomputer.pl/userdata/public/gfx/430945/3569b1e3ab045ba311a7bc9fdbed0859.jpg, https://foxkomputer.pl/userdata/public/gfx/430946/91386e7cb7997292378429afc513f660.jpg, https://foxkomputer.pl/environment/cache/images/300_300_productGfx_430757/7a97577328372db22f96d1d1faeb1b76.jpg;;1;Liczba rdzeni: 10,Typ: Notebook,Intel vPro: Nie,Jasność: 250 nits,TCO Certified: Tak,Model: Latitude 3440,Rodzina procesora: Intel Core i5,Liczba wątków: 12,Cache L3: 12 MB,Taktowanie (Boost): 4.7 GHz,Generacja procesora: Trzynasta,Obsługa ECC: Nie,Pozostałe informacje o procesorze: Intel Core i5-1345U,Przekątna ekranu: 14'',Rozdzielczość: 1920 x 1080 (FHD 1080),Powierzchnia matrycy: Matowa,Technologia podświetlania: Diody LED,Typ matrycy: TFT WVA,Ekran dotykowy: Nie,Model karty graficznej: Intel Iris Xe,Producent chipsetu: Intel,Zainstalowana pamięć RAM: 16 GB,Maks. wielkość pamięci: 64 GB,Liczba obsadzonych gniazd pamięci: 2,Rodzaj pamięci: DDR4,Częstotliwość szyny pamięci: 3200 MHz,Typ dysku: SSD,Pojemność SSD: 512 GB,Interfejs dysku SSD: PCI-Express,Napęd optyczny: Brak,Komunikacja: Bluetooth • LAN 10/100/1000 • WiFi 802.11 ax,Modem WWAN (3G) / LTE (4G): Nie,Gniazda rozszerzeń: Nie,Porty USB: 1 x USB 3.1 Type-C • 2 x USB 3.0 Type-A,Porty wideo: 1 x HDMI,Czytnik kart pamięci: Nie,Pozostałe porty we/wy: 1 x Audio (Combo) • 1 x RJ-45,Kamera internetowa: Tak,Pojemność baterii: 54 Wh,Typ ogniwa: Li-ion,Liczba komór: 3-komorowa,System operacyjny: Windows 11 Pro,Kolor: Szary,Wysokość: 17.68 mm,Szerokość: 322.17 mm,Głębokość: 219.43 mm,Waga: 1.54 kg,Typ gwarancji: gwarancja zewnętrzna,Okres gwarancji (miesiące): 36,Format szerokości SSD: M.2,Dokowanie: Nie,Podświetlana klawiatura: Tak,Akcesoria w zestawie: Dokumentacja Zasilacz 65W Europejski przewód zasilający,Czytnik linii papilarnych: Tak,Informacje o gwarancji: 3 lata Pro Support,Dodatkowe oprogramowanie: Wersja próbna pakietu Microsoft Office;0;new
24007;1;Dell Notebook Latitude 3440 Win11Pro i7-1355U/8GB/512GB SSD/14.0 FHD/Intel Iris Xe/FgrPr/FHD Cam/Mic/WLAN + BT/Backlit Kb/3 Cell;Laptopy/Notebooki/Ultrabooki;4 689.92 zł;;4 689.92 zł;0;0;0;;;;;;;;;;;;;;;;;;;;;;;;4 689.92 zł;4 689.92 zł;Notebook Latitude 3440;;;;;;;;1;;;1;https://foxkomputer.pl/userdata/public/gfx/448637/0d7d260b627593df7fc45ecd581d6a21.jpg, https://foxkomputer.pl/userdata/public/gfx/448637/0d7d260b627593df7fc45ecd581d6a21.jpg, https://foxkomputer.pl/userdata/public/gfx/448638/01709030992507857c14c4049e74d563.jpg, https://foxkomputer.pl/userdata/public/gfx/448639/d24358c30b1020b52448a64ccc4e26fe.jpg, https://foxkomputer.pl/userdata/public/gfx/448640/25e2a809382f4b0eac9295fe183817aa.jpg, https://foxkomputer.pl/userdata/public/gfx/448641/75a10decaf7c020e459b82d89f224e4b.jpg, https://foxkomputer.pl/userdata/public/gfx/448642/4391da8290981d7e4c9c4916bd50a1d8.jpg, https://foxkomputer.pl/userdata/public/gfx/448643/0ba2dbd47804e7fee17257a2ee0c4997.jpg, https://foxkomputer.pl/userdata/public/gfx/448644/415e723615b0e849ab72d1463fbc543f.jpg, https://foxkomputer.pl/userdata/public/gfx/448645/30b51cb164f09e67b0f9f318f4dafbc4.jpg, https://foxkomputer.pl/environment/cache/images/300_300_productGfx_448591/18b3d56051412d125cf8d965961d8808.jpg;;1;Model: Latitude 3440,Liczba rdzeni: 10,Typ: Notebook,Intel vPro: Nie,Jasność: 250 nits,TCO Certified: Tak,Rodzina procesora: Intel Core i7,Liczba wątków: 12,Cache L3: 12 MB,Taktowanie (Boost): 5 GHz,Generacja procesora: Trzynasta,Obsługa ECC: Nie,Pozostałe informacje o procesorze: Intel Core i7-1355U,Przekątna ekranu: 14'',Rozdzielczość: 1920 x 1280,Powierzchnia matrycy: Matowa,Technologia podświetlania: Diody LED,Typ matrycy: TFT IPS,Ekran dotykowy: Nie,Model karty graficznej: Intel Iris Xe,Producent chipsetu: Intel,Zainstalowana pamięć RAM: 8 GB,Maks. wielkość pamięci: 64 GB,Liczba obsadzonych gniazd pamięci: 1,Liczba wolnych gniazd pamięci: 1,Rodzaj pamięci: DDR4,Częstotliwość szyny pamięci: 3200 MHz,Typ dysku: SSD,Pojemność SSD: 512 GB,Interfejs dysku SSD: PCI-Express,Napęd optyczny: Brak,Komunikacja: Bluetooth • LAN 10/100/1000 • WiFi 802.11 ax,Modem WWAN (3G) / LTE (4G): Nie,Gniazda rozszerzeń: Nie,Porty USB: 1 x USB 3.1 Type-C • 3 x USB 3.0 Type-A,Porty wideo: 1 x HDMI,Czytnik kart pamięci: Nie,Pozostałe porty we/wy: 1 x Audio (Combo) • 1 x RJ-45,Kamera internetowa: Tak,Pojemność baterii: 54 Wh,Typ ogniwa: Li-ion,Liczba komór: 3-komorowa,System operacyjny: Windows 11 Pro,Kolor: Szary,Wysokość: 17.68 mm,Szerokość: 322.17 mm,Głębokość: 219.43 mm,Waga: 1.54 kg,Typ gwarancji: gwarancja zewnętrzna,Okres gwarancji (miesiące): 36,Format szerokości SSD: M.2,Dokowanie: Nie,Podświetlana klawiatura: Tak,Akcesoria w zestawie: Dokumentacja Zasilacz 65W Europejski przewód zasilający,Czytnik linii papilarnych: Tak,Informacje o gwarancji: 3 lata Pro Support,Dodatkowe oprogramowanie: Wersja próbna pakietu Microsoft Office;0;new
23552;1;Dell Notebook Latitude 3540 Win11Pro i3-1315U/8GB/256GB SSD/15.6 FHD/Integrated/FgrPr/FHD/IR Cam/Mic/WLAN + BT/Backlit Kb/3 Cell;Laptopy/Notebooki/Ultrabooki;3 837.20 zł;;3 837.20 zł;0;0;0;;;;;;;;;;;;;;;;;;;;;;;;3 837.20 zł;3 837.20 zł;Notebook Latitude 3540Zbliża pracę do Ciebie15-calowy notebook oferujący inteligentną wydajność. Nowy touchpad, ulepszone funkcje współpracy i procesory Intel Core trzynastej generacji.Nowoczesna konstrukcja zwiększająca produktywność;;;;;;;;1;;;1;https://foxkomputer.pl/userdata/public/gfx/430948/787eac77373e51dd27baa493ffc57219.jpg, https://foxkomputer.pl/userdata/public/gfx/430948/787eac77373e51dd27baa493ffc57219.jpg, https://foxkomputer.pl/userdata/public/gfx/430949/154f4c987ccd8536c67e86810606499d.jpg, https://foxkomputer.pl/userdata/public/gfx/430950/4a2c1ffc7697fd1df7f89e6aa01606f4.jpg, https://foxkomputer.pl/userdata/public/gfx/430951/a2f76a413428fc34511894ad3f4a77bc.jpg, https://foxkomputer.pl/userdata/public/gfx/430952/004a03768dd8d3b142a7f054a99dc4f9.jpg, https://foxkomputer.pl/userdata/public/gfx/430953/7151b3f8d5d2fffbb54a4771d0ec5bb4.jpg, https://foxkomputer.pl/userdata/public/gfx/430954/5eb05b0c447bd3da3e16c2310d8f29c2.jpg, https://foxkomputer.pl/userdata/public/gfx/430955/3c4a3757f0cec976e6e29b094fb2ddd0.jpg, https://foxkomputer.pl/environment/cache/images/300_300_productGfx_430758/b6a41d15c1bb4de0cf2c5df1e01fa0cd.jpg;;1;Model: Latitude 3540,Liczba rdzeni: 6,Typ: Notebook,Intel vPro: Nie,Jasność: 250 nits,Rodzina procesora: Intel Core i3,Liczba wątków: 8,Cache L3: 10 MB,Taktowanie (Boost): 4.5 GHz,Generacja procesora: Trzynasta,Obsługa ECC: Nie,Pozostałe informacje o procesorze: Intel Core i3-1315U,Przekątna ekranu: 15,6'',Rozdzielczość: 1920 x 1080 (FHD 1080),Powierzchnia matrycy: Matowa,Technologia podświetlania: Diody LED,Ekran dotykowy: Nie,Model karty graficznej: Intel UHD Graphics,Producent chipsetu: Intel,Zainstalowana pamięć RAM: 8 GB,Maks. wielkość pamięci: 64 GB,Liczba obsadzonych gniazd pamięci: 1,Liczba wolnych gniazd pamięci: 1,Rodzaj pamięci: DDR4,Częstotliwość szyny pamięci: 3200 MHz,Typ dysku: SSD,Pojemność SSD: 256 GB,Interfejs dysku SSD: PCI-Express,Napęd optyczny: Brak,Komunikacja: Bluetooth • LAN 10/100/1000 • WiFi 802.11 ax,Modem WWAN (3G) / LTE (4G): Nie,Gniazda rozszerzeń: Nie,Porty USB: 1 x USB 3.1 Type-C • 3 x USB 3.0 Type-A,Porty wideo: 1 x HDMI,Czytnik kart pamięci: Nie,Pozostałe porty we/wy: 1 x Audio (Combo) • 1 x RJ-45,Kamera internetowa: Tak,Pojemność baterii: 54 Wh,Liczba komór: 3-komorowa,System operacyjny: Windows 11 Pro,Kolor: Czarny,Wysokość: 20.4 mm,Szerokość: 359 mm,Głębokość: 239.7 mm,Waga: 1.81 kg,Typ gwarancji: gwarancja zewnętrzna,Okres gwarancji (miesiące): 36,Format szerokości SSD: M.2 2230,Dokowanie: Nie,Podświetlana klawiatura: Tak,Akcesoria w zestawie: Dokumentacja Zasilacz 65W Europejski przewód zasilający,Czytnik linii papilarnych: Tak,Informacje o gwarancji: 3 lata Pro Support,Dodatkowe oprogramowanie: Microsoft Office 30-dniowa wersja próbna;0;new
24593;1;Dell Notebook Latitude 3540 Win11Pro i5-1335U/16GB/512GB SSD/15.6 FHD/Intel Iris Xe/FgrPr/FHD/IR Cam/Mic/WLAN + BT/Backlit Kb/3 ;Laptopy/Notebooki/Ultrabooki;4 476.74 zł;;4 476.74 zł;0;0;0;;;;;;;;;;;;;;;;;;;;;;;;4 476.74 zł;4 476.74 zł;Notebook Latitude 3540Zbliża pracę do Ciebie15-calowy notebook oferujący inteligentną wydajność. Nowy touchpad, ulepszone funkcje współpracy i procesory Intel Core trzynastej generacji.Nowoczesna konstrukcja zwiększająca produktywność;;;;;;;;1;;;1;https://foxkomputer.pl/userdata/public/gfx/492781/d0575f964a71973214ffc4d501e27113.jpg, https://foxkomputer.pl/userdata/public/gfx/492781/d0575f964a71973214ffc4d501e27113.jpg, https://foxkomputer.pl/userdata/public/gfx/492782/5e9059d250b90746527806f4782882f1.jpg, https://foxkomputer.pl/userdata/public/gfx/492783/b8fe39ad6eb09844af4ab6330568b109.jpg, https://foxkomputer.pl/userdata/public/gfx/492784/2d46cf37dc74cedb1d8657778c045c64.jpg, https://foxkomputer.pl/userdata/public/gfx/492785/2d5f44268b2bc59d3021386c9ee0a80d.jpg, https://foxkomputer.pl/userdata/public/gfx/492786/5c636706f5b2320a5a9add504206bc93.jpg, https://foxkomputer.pl/userdata/public/gfx/492787/04829871836879b4abaa079e9a463f49.jpg, https://foxkomputer.pl/userdata/public/gfx/492788/d5cfc4ae5cff805057e36ca8d8c527c8.jpg, https://foxkomputer.pl/environment/cache/images/300_300_productGfx_492654/6eebf2c57a23128136311eaec4135f33.jpg;;1;Model: Latitude 3540,Liczba rdzeni: 10,Typ: Notebook,Intel vPro: Nie,Jasność: 250 nits,TCO Certified: Tak,Rodzina procesora: Intel Core i5,Liczba wątków: 12,Cache L3: 12 MB,Taktowanie (Boost): 4.6 GHz,Generacja procesora: Trzynasta,Obsługa ECC: Nie,Pozostałe informacje o procesorze: Intel Core i5-1335U,Przekątna ekranu: 15,6'',Rozdzielczość: 1920 x 1080 (FHD 1080),Powierzchnia matrycy: Matowa,Technologia podświetlania: Diody LED,Ekran dotykowy: Nie,Model karty graficznej: Intel Iris Xe,Producent chipsetu: Intel,Zainstalowana pamięć RAM: 16 GB,Maks. wielkość pamięci: 64 GB,Liczba obsadzonych gniazd pamięci: 2,Rodzaj pamięci: DDR4,Częstotliwość szyny pamięci: 3200 MHz,Typ dysku: SSD,Pojemność SSD: 512 GB,Interfejs dysku SSD: PCI-Express,Napęd optyczny: Brak,Komunikacja: Bluetooth • LAN 10/100/1000 • WiFi 802.11 ax,Modem WWAN (3G) / LTE (4G): Nie,Gniazda rozszerzeń: Nie,Porty USB: 1 x USB 3.1 Type-C • 3 x USB 3.0 Type-A,Porty wideo: 1 x HDMI,Czytnik kart pamięci: Nie,Pozostałe porty we/wy: 1 x Audio (Combo) • 1 x RJ-45,Kamera internetowa: Tak,Pojemność baterii: 54 Wh,Liczba komór: 3-komorowa,System operacyjny: Windows 11 Pro,Kolor: Szary,Wysokość: 20.4 mm,Szerokość: 359 mm,Głębokość: 239.7 mm,Waga: 1.81 kg,Typ gwarancji: gwarancja zewnętrzna,Okres gwarancji (miesiące): 36,Format szerokości SSD: M.2 2230,Dokowanie: Nie,Podświetlana klawiatura: Tak,Akcesoria w zestawie: Dokumentacja Zasilacz 65W Europejski przewód zasilający,Czytnik linii papilarnych: Tak,Informacje o gwarancji: 3 lata Pro Support,Dodatkowe oprogramowanie: Microsoft Office 30-dniowa wersja próbna;0;new
23553;1;Dell Notebook Latitude 3540 Win11Pro i5-1335U/8GB/256GB SSD/15.6 FHD/Intel Iris Xe/FgrPr/FHD/IR Cam/Mic/WLAN + BT/Backlit Kb/3 C;Laptopy/Notebooki/Ultrabooki;4 271.29 zł;;4 271.29 zł;0;0;0;;;;;;;;;;;;;;;;;;;;;;;;4 271.29 zł;4 271.29 zł;Notebook Latitude 3540Zbliża pracę do Ciebie15-calowy notebook oferujący inteligentną wydajność. Nowy touchpad, ulepszone funkcje współpracy i procesory Intel Core trzynastej generacji.Nowoczesna konstrukcja zwiększająca produktywność;;;;;;;;1;;;1;https://foxkomputer.pl/userdata/public/gfx/430956/cda45ad1ad2bc7559a15eb962a78fd78.jpg, https://foxkomputer.pl/userdata/public/gfx/430956/cda45ad1ad2bc7559a15eb962a78fd78.jpg, https://foxkomputer.pl/userdata/public/gfx/430957/a274b997203a78fec23a5f18aee06aa4.jpg, https://foxkomputer.pl/userdata/public/gfx/430958/1477c0c49c7d5a34ff31da10803192c2.jpg, https://foxkomputer.pl/userdata/public/gfx/430959/e021fd8427146c3cc68ea66fb01d17c5.jpg, https://foxkomputer.pl/userdata/public/gfx/430960/89a1d5a7ff9b7f0bb6083458e5f9bf4b.jpg, https://foxkomputer.pl/userdata/public/gfx/430961/8593dce3ba2c2db615b13e97cdc93485.jpg, https://foxkomputer.pl/userdata/public/gfx/430962/098b3e3a769bf2933a3ba7790bd23504.jpg, https://foxkomputer.pl/userdata/public/gfx/430963/69516f98804f5f8f6868b910a19e3733.jpg, https://foxkomputer.pl/environment/cache/images/300_300_productGfx_430759/5e9f88c2d970a8ba38d8c45f4b536bc0.jpg;;1;Typ: Notebook,Intel vPro: Nie,Jasność: 250 nits,Model: Latitude 3540,Liczba rdzeni: 10,Rodzina procesora: Intel Core i5,Liczba wątków: 12,Cache L3: 12 MB,Taktowanie (Boost): 4.6 GHz,Generacja procesora: Trzynasta,Obsługa ECC: Nie,Pozostałe informacje o procesorze: Intel Core i5-1335U,Przekątna ekranu: 15,6'',Rozdzielczość: 1920 x 1080 (FHD 1080),Powierzchnia matrycy: Matowa,Technologia podświetlania: Diody LED,Ekran dotykowy: Nie,Model karty graficznej: Intel Iris Xe,Producent chipsetu: Intel,Zainstalowana pamięć RAM: 8 GB,Maks. wielkość pamięci: 64 GB,Liczba obsadzonych gniazd pamięci: 1,Liczba wolnych gniazd pamięci: 1,Rodzaj pamięci: DDR4,Częstotliwość szyny pamięci: 3200 MHz,Typ dysku: SSD,Pojemność SSD: 256 GB,Interfejs dysku SSD: PCI-Express,Napęd optyczny: Brak,Komunikacja: Bluetooth • LAN 10/100/1000 • WiFi 802.11 ax,Modem WWAN (3G) / LTE (4G): Nie,Gniazda rozszerzeń: Nie,Porty USB: 1 x USB 3.1 Type-C • 3 x USB 3.0 Type-A,Porty wideo: 1 x HDMI,Czytnik kart pamięci: Nie,Pozostałe porty we/wy: 1 x Audio (Combo) • 1 x RJ-45,Kamera internetowa: Tak,Pojemność baterii: 54 Wh,Liczba komór: 3-komorowa,System operacyjny: Windows 11 Pro,Kolor: Czarny,Wysokość: 20.4 mm,Szerokość: 359 mm,Głębokość: 239.7 mm,Waga: 1.81 kg,Typ gwarancji: gwarancja zewnętrzna,Okres gwarancji (miesiące): 36,Format szerokości SSD: M.2 2230,Dokowanie: Nie,Podświetlana klawiatura: Tak,Akcesoria w zestawie: Dokumentacja Zasilacz 65W Europejski przewód zasilający,Czytnik linii papilarnych: Tak,Informacje o gwarancji: 3 lata Pro Support,Dodatkowe oprogramowanie: Microsoft Office 30-dniowa wersja próbna;0;new
24013;1;Dell Notebook Latitude 3540 Win11Pro i5-1335U/8GB/512GB SSD/15.6 FHD/Intel Iris Xe/FgrPr/FHD Cam/Mic/WLAN+BT/Backlit Kb/3 Cell/3;Laptopy/Notebooki/Ultrabooki;4 050.38 zł;;4 050.38 zł;0;0;0;;;;;;;;;;;;;;;;;;;;;;;;4 050.38 zł;4 050.38 zł;Notebook Latitude 3540Zbliża pracę do Ciebie15-calowy notebook oferujący inteligentną wydajność. Nowy touchpad, ulepszone funkcje współpracy i procesory Intel Core trzynastej generacji.Nowoczesna konstrukcja zwiększająca produktywność;;;;;;;;1;;;1;https://foxkomputer.pl/userdata/public/gfx/448702/451a6fec8f59d42acf753b95f8232488.jpg, https://foxkomputer.pl/userdata/public/gfx/448702/451a6fec8f59d42acf753b95f8232488.jpg, https://foxkomputer.pl/userdata/public/gfx/448703/3575f70383b4a8c86303b1bd16619350.jpg, https://foxkomputer.pl/userdata/public/gfx/448704/1364d4fa6e316528501f314c5872c23b.jpg, https://foxkomputer.pl/userdata/public/gfx/448705/4acafddaf0825dc8baafea9eaf32a0d5.jpg, https://foxkomputer.pl/userdata/public/gfx/448706/0751a0736ba499aaf73ad44f7ac14b41.jpg, https://foxkomputer.pl/userdata/public/gfx/448707/e816542c65a5a82d892771ce04d89445.jpg, https://foxkomputer.pl/userdata/public/gfx/448708/08a2291ce9f56e5ff9793ed067ed3e8c.jpg, https://foxkomputer.pl/userdata/public/gfx/448709/b47cba8be6bb2f14f61ff0af12637eb2.jpg, https://foxkomputer.pl/environment/cache/images/300_300_productGfx_448597/cd327180b06a2e5c72e7591c115aad90.jpg;;1;Model: Latitude 3540,Liczba rdzeni: 10,Typ: Notebook,Intel vPro: Nie,Jasność: 250 nits,TCO Certified: Tak,Liczba wątków: 12,Rodzina procesora: Intel Core i5,Cache L3: 12 MB,Taktowanie (Boost): 4.6 GHz,Generacja procesora: Trzynasta,Obsługa ECC: Nie,Pozostałe informacje o procesorze: Intel Core i5-1335U,Przekątna ekranu: 15,6'',Rozdzielczość: 1920 x 1080 (FHD 1080),Powierzchnia matrycy: Matowa,Technologia podświetlania: Diody LED,Ekran dotykowy: Nie,Model karty graficznej: Intel Iris Xe,Producent chipsetu: Intel,Zainstalowana pamięć RAM: 8 GB,Maks. wielkość pamięci: 64 GB,Liczba obsadzonych gniazd pamięci: 1,Liczba wolnych gniazd pamięci: 1,Rodzaj pamięci: DDR4,Częstotliwość szyny pamięci: 3200 MHz,Typ dysku: SSD,Pojemność SSD: 512 GB,Interfejs dysku SSD: PCI-Express,Napęd optyczny: Brak,Komunikacja: Bluetooth • LAN 10/100/1000 • WiFi 802.11 ax,Modem WWAN (3G) / LTE (4G): Nie,Gniazda rozszerzeń: Nie,Porty USB: 1 x USB 3.1 Type-C • 3 x USB 3.0 Type-A,Porty wideo: 1 x HDMI,Czytnik kart pamięci: Nie,Pozostałe porty we/wy: 1 x Audio (Combo) • 1 x RJ-45,Kamera internetowa: Tak,Pojemność baterii: 54 Wh,Liczba komór: 3-komorowa,System operacyjny: Windows 11 Pro,Kolor: Szary,Wysokość: 20.4 mm,Szerokość: 359 mm,Głębokość: 239.7 mm,Waga: 1.81 kg,Typ gwarancji: gwarancja zewnętrzna,Format szerokości SSD: M.2,Dokowanie: Nie,Podświetlana klawiatura: Tak,Akcesoria w zestawie: Dokumentacja Zasilacz 65W Europejski przewód zasilający,Czytnik linii papilarnych: Tak,Informacje o gwarancji: 3 lata Pro Support,Dodatkowe oprogramowanie: Microsoft Office 30-dniowa wersja próbna;0;new
23555;1;Dell Notebook Latitude 3540 Win11Pro i5-1345U/8GB/256GB SSD/15.6 FHD/Intel Iris Xe/FgrPr/FHD/IR Cam/Mic/WLAN + BT/Backlit Kb/3 C;Laptopy/Notebooki/Ultrabooki;4 431.87 zł;;4 431.87 zł;0;0;0;;;;;;;;;;;;;;;;;;;;;;;;4 431.87 zł;4 431.87 zł;Notebook Latitude 3540Zbliża pracę do Ciebie15-calowy notebook oferujący inteligentną wydajność. Nowy touchpad, ulepszone funkcje współpracy i procesory Intel Core trzynastej generacji.Nowoczesna konstrukcja zwiększająca produktywność;;;;;;;;1;;;1;https://foxkomputer.pl/userdata/public/gfx/430972/03029113d198a52bfaeb2aecebfedc7e.jpg, https://foxkomputer.pl/userdata/public/gfx/430972/03029113d198a52bfaeb2aecebfedc7e.jpg, https://foxkomputer.pl/userdata/public/gfx/430973/9c57d7bba798f225435022a15d632e1d.jpg, https://foxkomputer.pl/userdata/public/gfx/430974/683d2d61800985120a68a6648501c9ae.jpg, https://foxkomputer.pl/userdata/public/gfx/430975/a75bbe49e7860eea43e6fe3d2d5930fc.jpg, https://foxkomputer.pl/userdata/public/gfx/430976/f103ff0d3a0d35616a199649a9b36724.jpg, https://foxkomputer.pl/userdata/public/gfx/430977/c82f18550b986e7f63c5244e7d980440.jpg, https://foxkomputer.pl/userdata/public/gfx/430978/43d928f12f15b0bf2be1475ac511aa8c.jpg, https://foxkomputer.pl/userdata/public/gfx/430979/0e98ab10ab015f8c90f495b49b60c365.jpg, https://foxkomputer.pl/environment/cache/images/300_300_productGfx_430761/c1cf92781097a248e282b8565423bff0.jpg;;1;Model: Latitude 3540,Liczba rdzeni: 10,Typ: Notebook,Intel vPro: Nie,Jasność: 250 nits,Rodzina procesora: Intel Core i5,Liczba wątków: 12,Cache L3: 12 MB,Taktowanie (Boost): 4.7 GHz,Generacja procesora: Trzynasta,Obsługa ECC: Nie,Pozostałe informacje o procesorze: Intel Core i5-1345U,Przekątna ekranu: 15,6'',Rozdzielczość: 1920 x 1080 (FHD 1080),Powierzchnia matrycy: Matowa,Technologia podświetlania: Diody LED,Ekran dotykowy: Nie,Model karty graficznej: Intel Iris Xe,Producent chipsetu: Intel,Zainstalowana pamięć RAM: 8 GB,Maks. wielkość pamięci: 64 GB,Liczba obsadzonych gniazd pamięci: 1,Liczba wolnych gniazd pamięci: 1,Rodzaj pamięci: DDR4,Częstotliwość szyny pamięci: 3200 MHz,Typ dysku: SSD,Pojemność SSD: 256 GB,Interfejs dysku SSD: PCI-Express,Napęd optyczny: Brak,Komunikacja: Bluetooth • LAN 10/100/1000 • WiFi 802.11 ax,Modem WWAN (3G) / LTE (4G): Nie,Gniazda rozszerzeń: Nie,Porty USB: 1 x USB 3.1 Type-C • 3 x USB 3.0 Type-A,Porty wideo: 1 x HDMI,Czytnik kart pamięci: Nie,Pozostałe porty we/wy: 1 x Audio (Combo) • 1 x RJ-45,Kamera internetowa: Tak,Pojemność baterii: 54 Wh,Liczba komór: 3-komorowa,System operacyjny: Windows 11 Pro,Kolor: Czarny,Wysokość: 20.4 mm,Szerokość: 359 mm,Głębokość: 239.7 mm,Waga: 1.81 kg,Typ gwarancji: gwarancja zewnętrzna,Okres gwarancji (miesiące): 36,Format szerokości SSD: M.2 2230,Dokowanie: Nie,Podświetlana klawiatura: Tak,Akcesoria w zestawie: Dokumentacja Zasilacz 65W Europejski przewód zasilający,Czytnik linii papilarnych: Tak,Informacje o gwarancji: 3 lata Pro Support,Dodatkowe oprogramowanie: Microsoft Office 30-dniowa wersja próbna;0;new
23574;1;Dell Notebook Latitude 5340 Win11Pro i7-1365U/16GB/512GB SSD/13.3 FHD/Integrated/FgrPr&SmtCd/FHD/IR Cam/Mic/WLAN+BT/Backlit Kb/3;Laptopy/Notebooki/Ultrabooki;7 164.17 zł;;7 164.17 zł;0;0;0;;;;;;;;;;;;;;;;;;;;;;;;7 164.17 zł;7 164.17 zł;Notebook Latitude 5340;;;;;;;;1;;;1;https://foxkomputer.pl/userdata/public/gfx/431403/c4451b28db8b5368b13429d8570699da.jpg, https://foxkomputer.pl/userdata/public/gfx/431403/c4451b28db8b5368b13429d8570699da.jpg, https://foxkomputer.pl/userdata/public/gfx/431404/b1a65e29bcd8b3ba80d6a616ae5db602.jpg, https://foxkomputer.pl/userdata/public/gfx/431405/1d7576f68d337d6c50f769720561a9b7.jpg, https://foxkomputer.pl/userdata/public/gfx/431406/657f4244fd98f23e7d784de6837d5872.jpg, https://foxkomputer.pl/userdata/public/gfx/436438/e272ea4501ded6790aa75ec01635d592.jpg, https://foxkomputer.pl/environment/cache/images/300_300_productGfx_431297/c60a17b091f39c12017736ad86ffad8a.jpg;;1;Jasność: 250 nits,TCO Certified: Tak,Model: Latitude 5340,Liczba rdzeni: 10,Typ: Notebook,Intel vPro: Nie,Rodzina procesora: Intel Core i5,Liczba wątków: 12,Cache L3: 12 MB,Taktowanie (Boost): 4.7 GHz,Generacja procesora: Trzynasta,Obsługa ECC: Nie,Pozostałe informacje o procesorze: Intel Core i5-1345U,Przekątna ekranu: 13,3'',Rozdzielczość: 1920 x 1080 (FHD 1080),Powierzchnia matrycy: Matowa,Technologia podświetlania: Diody LED,Typ matrycy: TFT IPS,Ekran dotykowy: Nie,Model karty graficznej: Intel Iris Xe,Producent chipsetu: Intel,Zainstalowana pamięć RAM: 16 GB,Maks. wielkość pamięci: 16 GB,Rodzaj pamięci: LPDDR5,Częstotliwość szyny pamięci: 4800 MHz,Typ dysku: SSD,Pojemność SSD: 512 GB,Interfejs dysku SSD: PCI-Express,Napęd optyczny: Brak,Komunikacja: Bluetooth • WiFi 802.11 ax,Modem WWAN (3G) / LTE (4G): Nie,Gniazda rozszerzeń: Czytnik kart procesorowych (SmartCard),Porty USB: 2 x USB 3.0 Type-A,Porty wideo: 1 x HDMI • 2 x Thunderbolt 4,Czytnik kart pamięci: Nie,Pozostałe porty we/wy: 1 x Audio (Combo),Kamera internetowa: Tak,Pojemność baterii: 50 Wh,Liczba komór: 3-komorowa,System operacyjny: Windows 11 Pro,Kolor: Szary,Wysokość: 18.44 mm,Szerokość: 305.7 mm,Głębokość: 207.5 mm,Waga: 1.23 kg,Typ gwarancji: gwarancja zewnętrzna,Okres gwarancji (miesiące): 36,Format szerokości SSD: M.2,Dokowanie: Tak,Podświetlana klawiatura: Tak,Akcesoria w zestawie: Dokumentacja Zasilacz 100W Europejski przewód zasilający,Czytnik linii papilarnych: Tak,Informacje o gwarancji: 3 lata ProSupport,Dodatkowe oprogramowanie: Wersja próbna pakietu Microsoft Office;0;new
23576;1;Dell Notebook Latitude 5440 Win11Pro i5-1335U/16GB/512GB SSD/14.0 FHD/Integrated/FgrPr&SmtCd/FHD/IR Cam/Mic/WLAN+BT/Backlit Kb/3;Laptopy/Notebooki/Ultrabooki;5 468.93 zł;;5 468.93 zł;0;0;0;;;;;;;;;;;;;;;;;;;;;;;;5 468.93 zł;5 468.93 zł;Notebook Latitude 5440;;;;;;;;1;;;1;https://foxkomputer.pl/userdata/public/gfx/431411/b422e1888714416b141215e0aca19421.jpg, https://foxkomputer.pl/userdata/public/gfx/431411/b422e1888714416b141215e0aca19421.jpg, https://foxkomputer.pl/userdata/public/gfx/431412/d7c2fb819ca5ffb553ac8f8a34c8684b.jpg, https://foxkomputer.pl/userdata/public/gfx/431413/ba07752b3455a42427c5673cc80eb0b9.jpg, https://foxkomputer.pl/environment/cache/images/300_300_productGfx_431299/567e2794c5d67f5ff034e7cfdba5ea5d.jpg;;1;TCO Certified: Tak,Model: Latitude 5440,Liczba rdzeni: 10,Typ: Notebook,Intel vPro: Nie,Jasność: 250 nits,Rodzina procesora: Intel Core i5,Liczba wątków: 12,Cache L3: 12 MB,Taktowanie (Boost): 4.6 GHz,Generacja procesora: Trzynasta,Obsługa ECC: Nie,Pozostałe informacje o procesorze: Intel Core i5-1335U,Przekątna ekranu: 14'',Rozdzielczość: 1920 x 1280,Powierzchnia matrycy: Matowa,Technologia podświetlania: Diody LED,Typ matrycy: TFT IPS,Ekran dotykowy: Nie,Model karty graficznej: Intel Iris Xe,Producent chipsetu: Intel,Zainstalowana pamięć RAM: 16 GB,Maks. wielkość pamięci: 64 GB,Liczba obsadzonych gniazd pamięci: 2,Rodzaj pamięci: SODIMM DDR4,Częstotliwość szyny pamięci: 3200 MHz,Typ dysku: SSD,Pojemność SSD: 512 GB,Interfejs dysku SSD: PCI-Express,Napęd optyczny: Brak,Komunikacja: Bluetooth • LAN 10/100/1000 • WiFi 802.11 ax,Modem WWAN (3G) / LTE (4G): Nie,Gniazda rozszerzeń: Czytnik kart procesorowych (SmartCard),Porty USB: 2 x USB 3.0 Type-A,Porty wideo: 1 x HDMI • 2 x Thunderbolt 4,Czytnik kart pamięci: Nie,Pozostałe porty we/wy: 1 x Audio (Combo) • 1 x RJ-45,Kamera internetowa: Tak,Pojemność baterii: 50 Wh,Liczba komór: 3-komorowa,System operacyjny: Windows 11 Pro,Kolor: Szary,Wysokość: 21.04 mm,Szerokość: 321.35 mm,Głębokość: 212 mm,Waga: 1.39 kg,Typ gwarancji: gwarancja zewnętrzna,Okres gwarancji (miesiące): 36,Format szerokości SSD: M.2,Dokowanie: Thunderbolt 4,Podświetlana klawiatura: Tak,Akcesoria w zestawie: Dokumentacja Zasilacz 100W Europejski przewód zasilający,Czytnik linii papilarnych: Tak,Informacje o gwarancji: 3 lata ProSupport,Dodatkowe oprogramowanie: Wersja próbna pakietu Microsoft Office;0;new
23575;1;Dell Notebook Latitude 5440 Win11Pro i5-1335U/8GB/256GB SSD/14.0 FHD/Integrated/FgrPr & SmtCd/FHD/IR Cam/Mic/WLAN + BT/Backlit K;Laptopy/Notebooki/Ultrabooki;5 119.78 zł;;5 119.78 zł;0;0;0;;;;;;;;;;;;;;;;;;;;;;;;5 119.78 zł;5 119.78 zł;Notebook Latitude 5440;;;;;;;;1;;;1;https://foxkomputer.pl/userdata/public/gfx/431408/1033ae4c19448563ffa872d84dd8a629.jpg, https://foxkomputer.pl/userdata/public/gfx/431408/1033ae4c19448563ffa872d84dd8a629.jpg, https://foxkomputer.pl/userdata/public/gfx/431409/3602f966967d315430911f815a05b4d8.jpg, https://foxkomputer.pl/userdata/public/gfx/431410/bfc340bc5f6e922dab596baac83b9c47.jpg, https://foxkomputer.pl/environment/cache/images/300_300_productGfx_431298/7a822e80be22a75181a4c8f3355d3a7c.jpg;;1;Liczba rdzeni: 10,Typ: Notebook,Intel vPro: Nie,Jasność: 250 nits,TCO Certified: Tak,Model: Latitude 5440,Rodzina procesora: Intel Core i5,Liczba wątków: 12,Cache L3: 12 MB,Taktowanie (Boost): 4.6 GHz,Generacja procesora: Trzynasta,Obsługa ECC: Nie,Pozostałe informacje o procesorze: Intel Core i5-1335U,Przekątna ekranu: 14'',Rozdzielczość: 1920 x 1280,Powierzchnia matrycy: Matowa,Technologia podświetlania: Diody LED,Typ matrycy: TFT IPS,Ekran dotykowy: Nie,Model karty graficznej: Intel Iris Xe,Producent chipsetu: Intel,Zainstalowana pamięć RAM: 8 GB,Maks. wielkość pamięci: 64 GB,Liczba obsadzonych gniazd pamięci: 1,Liczba wolnych gniazd pamięci: 1,Rodzaj pamięci: SODIMM DDR4,Częstotliwość szyny pamięci: 3200 MHz,Typ dysku: SSD,Pojemność SSD: 256 GB,Interfejs dysku SSD: PCI-Express,Napęd optyczny: Brak,Komunikacja: Bluetooth • LAN 10/100/1000 • WiFi 802.11 ax,Modem WWAN (3G) / LTE (4G): Nie,Gniazda rozszerzeń: Czytnik kart procesorowych (SmartCard),Porty USB: 2 x USB 3.0 Type-A,Porty wideo: 1 x HDMI • 2 x Thunderbolt 4,Czytnik kart pamięci: Nie,Pozostałe porty we/wy: 1 x Audio (Combo) • 1 x RJ-45,Kamera internetowa: Tak,Pojemność baterii: 50 Wh,Liczba komór: 3-komorowa,System operacyjny: Windows 11 Pro,Kolor: Szary,Wysokość: 21.04 mm,Szerokość: 321.35 mm,Głębokość: 212 mm,Waga: 1.39 kg,Typ gwarancji: gwarancja zewnętrzna,Okres gwarancji (miesiące): 36,Format szerokości SSD: M.2,Dokowanie: Thunderbolt 4,Podświetlana klawiatura: Tak,Akcesoria w zestawie: Dokumentacja Zasilacz 100W Europejski przewód zasilający,Czytnik linii papilarnych: Tak,Informacje o gwarancji: 3 lata ProSupport,Dodatkowe oprogramowanie: Wersja próbna pakietu Microsoft Office;0;new
23579;1;Dell Notebook Latitude 5440 Win11Pro i7-1365U/16GB/512GB SSD/14.0 FHD/Integrated/FgrPr & SmtCd/FHD/IR Cam/Mic/WLAN + BT/Backlit ;Laptopy/Notebooki/Ultrabooki;6 548.77 zł;;6 548.77 zł;0;0;0;;;;;;;;;;;;;;;;;;;;;;;;6 548.77 zł;6 548.77 zł;Notebook Latitude 5440;;;;;;;;1;;;1;https://foxkomputer.pl/userdata/public/gfx/431420/35841e7cf7780a7af6500da2d19aff9b.jpg, https://foxkomputer.pl/userdata/public/gfx/431420/35841e7cf7780a7af6500da2d19aff9b.jpg, https://foxkomputer.pl/userdata/public/gfx/431421/8f5b4686466c67c0644010b23d64d28e.jpg, https://foxkomputer.pl/userdata/public/gfx/493250/7817ec4bc8d7be8575095e83d29a3b85.jpg, https://foxkomputer.pl/environment/cache/images/300_300_productGfx_431302/11e720e536d4f6facd53aeb482741bf3.jpg;;1;Model: Latitude 5440,Liczba rdzeni: 10,Typ: Notebook,Intel vPro: Nie,Jasność: 250 nits,TCO Certified: Tak,Rodzina procesora: Intel Core i7,Liczba wątków: 12,Cache L3: 12 MB,Taktowanie (Boost): 5.2 GHz,Generacja procesora: Trzynasta,Obsługa ECC: Nie,Pozostałe informacje o procesorze: Intel Core i7-1365U,Przekątna ekranu: 14'',Rozdzielczość: 1920 x 1280,Powierzchnia matrycy: Matowa,Technologia podświetlania: Diody LED,Typ matrycy: TFT IPS,Ekran dotykowy: Nie,Model karty graficznej: Intel Iris Xe,Producent chipsetu: Intel,Zainstalowana pamięć RAM: 16 GB,Maks. wielkość pamięci: 64 GB,Liczba obsadzonych gniazd pamięci: 2,Rodzaj pamięci: SODIMM DDR4,Częstotliwość szyny pamięci: 3200 MHz,Typ dysku: SSD,Pojemność SSD: 512 GB,Interfejs dysku SSD: PCI-Express,Napęd optyczny: Brak,Komunikacja: Bluetooth • LAN 10/100/1000 • WiFi 802.11 ax,Modem WWAN (3G) / LTE (4G): Nie,Gniazda rozszerzeń: Czytnik kart procesorowych (SmartCard),Porty USB: 2 x USB 3.0 Type-A,Porty wideo: 1 x HDMI • 2 x Thunderbolt 4,Czytnik kart pamięci: Nie,Pozostałe porty we/wy: 1 x Audio (Combo) • 1 x RJ-45,Kamera internetowa: Tak,Pojemność baterii: 50 Wh,Liczba komór: 3-komorowa,System operacyjny: Windows 11 Pro,Kolor: Szary,Wysokość: 21.04 mm,Szerokość: 321.35 mm,Głębokość: 212 mm,Waga: 1.39 kg,Typ gwarancji: gwarancja zewnętrzna,Okres gwarancji (miesiące): 36,Format szerokości SSD: M.2,Dokowanie: Thunderbolt 4,Podświetlana klawiatura: Tak,Akcesoria w zestawie: Dokumentacja Zasilacz 100W Europejski przewód zasilający,Czytnik linii papilarnych: Tak,Informacje o gwarancji: 3 lata ProSupport,Dodatkowe oprogramowanie: Wersja próbna pakietu Microsoft Office;0;new
